numero_socio;nombres;apellidos;fecha_nacimiento;sexo;telefono;email;fecha_inscripcion;estado;fecha_creacion
SOC001;Javiera;Sebastián Izaguirre;1973-10-14;F;76616910;javiera.sebastián1@example.com;2024-02-19;Activo;2024-02-19 00:00:00
SOC002;Eugenia;Sola Palomares;2000-10-02;F;79510837;eugenia.sola2@example.com;2024-04-06;Activo;2024-04-06 00:00:00
SOC003;Jose Luis;Portero Moliner;1973-05-16;M;71981061;joseluis.portero3@example.com;2023-03-25;Activo;2023-03-25 00:00:00
SOC004;María Jesús;Catalá Pomares;1989-04-05;F;78467518;maríajesús.catalá4@example.com;2023-07-03;Activo;2023-07-03 00:00:00
SOC005;Petrona;Coll Crespi;1972-12-31;F;77128734;petrona.coll5@example.com;2023-04-18;Activo;2023-04-18 00:00:00
SOC006;Victorino;Pi Guerra;1995-07-25;F;74095916;victorino.pi6@example.com;2024-06-19;Activo;2024-06-19 00:00:00
SOC007;Yolanda;Plaza Duran;1972-03-12;F;76371652;yolanda.plaza7@example.com;2023-05-26;Activo;2023-05-26 00:00:00
SOC008;Saturnino;Simó Sevillano;2000-10-09;F;76600818;saturnino.simó8@example.com;2023-12-10;Activo;2023-12-10 00:00:00
SOC009;Vito;Monreal Hervás;1979-10-17;M;73314517;vito.monreal9@example.com;2024-12-23;Activo;2024-12-23 00:00:00
SOC010;Fabián;Luz Romeu;1984-11-06;M;73510394;fabián.luz10@example.com;2023-12-18;Activo;2023-12-18 00:00:00
SOC011;Clemente;Lobo Falcó;1971-06-07;M;78198065;clemente.lobo11@example.com;2023-05-05;Activo;2023-05-05 00:00:00
SOC012;Ramiro;Armengol Giner;1989-10-19;M;78281419;ramiro.armengol12@example.com;2023-12-20;Activo;2023-12-20 00:00:00
SOC013;Eloy;Valentín Viana;1986-08-12;M;78281118;eloy.valentín13@example.com;2024-01-29;Activo;2024-01-29 00:00:00
SOC014;Domingo;Calatayud Torralba;1973-09-07;M;77014114;domingo.calatayud14@example.com;2023-09-21;Activo;2023-09-21 00:00:00
SOC015;Remedios;Ojeda Acero;1973-03-06;F;77951915;remedios.ojeda15@example.com;2023-02-23;Activo;2023-02-23 00:00:00
SOC016;Abigaíl;Bauzà Tello;1982-12-01;F;78116047;abigaíl.bauzà16@example.com;2023-12-24;Activo;2023-12-24 00:00:00
SOC017;Ruperto;Abad Cuevas;2000-12-08;M;77047854;ruperto.abad17@example.com;2024-05-06;Activo;2024-05-06 00:00:00
SOC018;Encarnación;Alfaro Comas;1995-10-12;M;71256179;encarnación.alfaro18@example.com;2023-12-02;Activo;2023-12-02 00:00:00
SOC019;Chus;Elías Torrent;2006-07-10;F;76734337;chus.elías19@example.com;2024-07-31;Activo;2024-07-31 00:00:00
SOC020;Reyes;Franco Manjón;1991-10-06;F;75836673;reyes.franco20@example.com;2023-03-14;Activo;2023-03-14 00:00:00
SOC021;Adelia;Ariño Jove;1973-06-21;F;75235221;adelia.ariño21@example.com;2024-09-11;Activo;2024-09-11 00:00:00
SOC022;Domitila;Méndez Peralta;1970-04-06;F;79885927;domitila.méndez22@example.com;2023-12-29;Activo;2023-12-29 00:00:00
SOC023;Goyo;Montaña Córdoba;1996-12-04;M;76674417;goyo.montaña23@example.com;2024-11-20;Activo;2024-11-20 00:00:00
SOC024;Juana;Camps Baena;2003-08-14;F;77501860;juana.camps24@example.com;2023-10-20;Activo;2023-10-20 00:00:00
SOC025;Cirino;Aliaga Falcó;1985-12-23;M;72101573;cirino.aliaga25@example.com;2023-07-14;Activo;2023-07-14 00:00:00
SOC026;Cruz;Alcaraz Acosta;1984-04-11;M;73227671;cruz.alcaraz26@example.com;2023-07-18;Activo;2023-07-18 00:00:00
SOC027;Mariana;Goicoechea Ferrando;2002-03-08;F;73449057;mariana.goicoechea27@example.com;2024-02-28;Activo;2024-02-28 00:00:00
SOC028;Nicolasa;Navas Sancho;1978-11-16;M;76392245;nicolasa.navas28@example.com;2023-07-24;Activo;2023-07-24 00:00:00
SOC029;Pili;Sotelo Fuster;1990-01-11;F;76014040;pili.sotelo29@example.com;2023-04-09;Activo;2023-04-09 00:00:00
SOC030;Dani;Valderrama Barba;1978-08-03;M;75836092;dani.valderrama30@example.com;2023-09-04;Activo;2023-09-04 00:00:00
SOC031;Marita;Leon Pascual;1976-03-11;M;75405298;marita.leon31@example.com;2023-08-14;Activo;2023-08-14 00:00:00
SOC032;Olivia;Iniesta Gomez;1994-06-08;M;77533046;olivia.iniesta32@example.com;2023-04-10;Activo;2023-04-10 00:00:00
SOC033;Odalis;Villalobos Rico;1971-12-10;M;77486008;odalis.villalobos33@example.com;2023-06-22;Activo;2023-06-22 00:00:00
SOC034;Benita;Busquets Cobos;1998-03-23;F;79244444;benita.busquets34@example.com;2023-05-30;Activo;2023-05-30 00:00:00
SOC035;Gilberto;Cornejo Exposito;2000-06-07;M;74386147;gilberto.cornejo35@example.com;2023-03-30;Activo;2023-03-30 00:00:00
SOC036;Ulises;Giralt Garmendia;1971-10-03;F;79450213;ulises.giralt36@example.com;2023-08-10;Activo;2023-08-10 00:00:00
SOC037;Estrella;Escolano Álvaro;1990-08-20;M;73896353;estrella.escolano37@example.com;2023-05-15;Activo;2023-05-15 00:00:00
SOC038;Beatriz;Agullo Mosquera;1986-10-14;F;76418692;beatriz.agullo38@example.com;2024-08-05;Activo;2024-08-05 00:00:00
SOC039;Consuela;Barberá Echevarría;1984-10-23;M;74807631;consuela.barberá39@example.com;2024-09-23;Activo;2024-09-23 00:00:00
SOC040;Cristian;Lumbreras Farré;1983-08-22;M;72226068;cristian.lumbreras40@example.com;2023-11-10;Activo;2023-11-10 00:00:00
SOC041;Jesusa;González Amador;1986-07-24;F;71745105;jesusa.gonzález41@example.com;2023-04-29;Activo;2023-04-29 00:00:00
SOC042;Consuela;Rebollo Giner;1985-10-29;M;74974052;consuela.rebollo42@example.com;2023-06-26;Activo;2023-06-26 00:00:00
SOC043;Laura;Palomar Abril;1999-03-19;F;71909491;laura.palomar43@example.com;2024-11-17;Activo;2024-11-17 00:00:00
SOC044;Marino;Goicoechea Cáceres;1977-09-09;M;72632262;marino.goicoechea44@example.com;2024-08-18;Activo;2024-08-18 00:00:00
SOC045;Maite;Reina Río;1990-09-22;M;75243440;maite.reina45@example.com;2024-09-20;Activo;2024-09-20 00:00:00
SOC046;Glauco;Caro Viñas;1975-09-26;M;74856325;glauco.caro46@example.com;2024-05-27;Activo;2024-05-27 00:00:00
SOC047;Clotilde;Frías Cal;1994-10-16;F;73750510;clotilde.frías47@example.com;2024-10-29;Activo;2024-10-29 00:00:00
SOC048;Natalia;Bayona Mariño;1982-07-28;F;72740212;natalia.bayona48@example.com;2024-06-27;Activo;2024-06-27 00:00:00
SOC049;Dominga;Crespo Esteban;1999-10-16;M;72870784;dominga.crespo49@example.com;2023-06-22;Activo;2023-06-22 00:00:00
SOC050;Cruz;Ros Capdevila;1991-02-16;F;74468524;cruz.ros50@example.com;2023-01-26;Activo;2023-01-26 00:00:00
SOC051;Juanita;Mora Valentín;1974-08-24;M;73503207;juanita.mora51@example.com;2023-08-08;Activo;2023-08-08 00:00:00
SOC052;Serafina;Pou Peñas;1976-04-01;M;74504163;serafina.pou52@example.com;2024-03-01;Activo;2024-03-01 00:00:00
SOC053;Eufemia;Díez Vara;2005-09-18;F;79784221;eufemia.díez53@example.com;2023-08-18;Activo;2023-08-18 00:00:00
SOC054;Martín;Rebollo Riera;2005-05-09;F;76440125;martín.rebollo54@example.com;2024-06-29;Activo;2024-06-29 00:00:00
SOC055;Rocío;Llorente Vázquez;2002-11-02;M;74533727;rocío.llorente55@example.com;2023-07-01;Activo;2023-07-01 00:00:00
SOC056;Amelia;Palau Morera;1992-09-23;M;71465460;amelia.palau56@example.com;2023-01-02;Activo;2023-01-02 00:00:00
SOC057;Guiomar;Bonet Bou;1997-07-27;M;76453381;guiomar.bonet57@example.com;2023-03-10;Activo;2023-03-10 00:00:00
SOC058;Leire;Ropero Rincón;1982-02-17;M;74555142;leire.ropero58@example.com;2023-03-14;Activo;2023-03-14 00:00:00
SOC059;Teodoro;Alfaro Cifuentes;1978-10-27;F;78636755;teodoro.alfaro59@example.com;2023-05-22;Activo;2023-05-22 00:00:00
SOC060;Lorenza;Marin Piñeiro;1971-12-30;M;73062027;lorenza.marin60@example.com;2024-07-13;Activo;2024-07-13 00:00:00
SOC061;María;Duque Rovira;2001-08-19;M;73779001;maría.duque61@example.com;2023-02-23;Activo;2023-02-23 00:00:00
SOC062;Marianela;Oliva Valdés;1996-08-29;F;75740289;marianela.oliva62@example.com;2023-03-15;Activo;2023-03-15 00:00:00
SOC063;Bibiana;Requena Oliveras;1985-12-18;F;79784689;bibiana.requena63@example.com;2023-03-19;Activo;2023-03-19 00:00:00
SOC064;María Belén;Quiroga Aguiló;2004-04-01;M;71176647;maríabelén.quiroga64@example.com;2024-03-28;Activo;2024-03-28 00:00:00
SOC065;Cristina;Adán Villa;1995-11-19;M;73546790;cristina.adán65@example.com;2024-04-25;Activo;2024-04-25 00:00:00
SOC066;Desiderio;Ribes Girona;1992-06-28;M;72440502;desiderio.ribes66@example.com;2024-07-05;Activo;2024-07-05 00:00:00
SOC067;Gisela;Díaz Sabater;1974-06-16;M;78585292;gisela.díaz67@example.com;2024-01-05;Activo;2024-01-05 00:00:00
SOC068;Ale;Pera Bustos;1987-03-03;F;72080089;ale.pera68@example.com;2024-10-27;Activo;2024-10-27 00:00:00
SOC069;Régulo;Barceló Blanes;1973-05-17;F;73579257;régulo.barceló69@example.com;2024-09-10;Activo;2024-09-10 00:00:00
SOC070;Emilia;Mena Roselló;1995-01-25;F;76191638;emilia.mena70@example.com;2024-12-17;Activo;2024-12-17 00:00:00
SOC071;Josué;Sáez Blasco;1998-07-30;F;71518721;josué.sáez71@example.com;2023-07-19;Activo;2023-07-19 00:00:00
SOC072;Quique;Rodriguez Jiménez;1987-04-18;F;72706164;quique.rodriguez72@example.com;2024-11-16;Activo;2024-11-16 00:00:00
SOC073;Paola;Belmonte Barco;1983-10-20;F;78131809;paola.belmonte73@example.com;2024-08-04;Activo;2024-08-04 00:00:00
SOC074;Ruben;Tur Quintana;1994-06-16;F;77232180;ruben.tur74@example.com;2024-12-08;Activo;2024-12-08 00:00:00
SOC075;Geraldo;Salazar Castro;1988-11-10;M;79662942;geraldo.salazar75@example.com;2024-05-03;Activo;2024-05-03 00:00:00
SOC076;Albino;Vidal Arco;2001-05-11;F;79019976;albino.vidal76@example.com;2024-09-07;Activo;2024-09-07 00:00:00
SOC077;Alexandra;Peiró Muñoz;2000-07-02;F;76607818;alexandra.peiró77@example.com;2024-04-27;Activo;2024-04-27 00:00:00
SOC078;Alicia;Donoso Gargallo;1987-01-18;M;78746986;alicia.donoso78@example.com;2024-04-23;Activo;2024-04-23 00:00:00
SOC079;Trinidad;Nuñez Tejedor;1976-07-05;F;72183713;trinidad.nuñez79@example.com;2024-12-05;Activo;2024-12-05 00:00:00
SOC080;Aurelia;Mendoza Pellicer;1983-10-23;F;76489476;aurelia.mendoza80@example.com;2023-09-09;Activo;2023-09-09 00:00:00
SOC081;Toño;Santiago Miranda;1998-04-11;F;79165321;toño.santiago81@example.com;2024-03-16;Activo;2024-03-16 00:00:00
SOC082;Isidora;Lopez Andrade;2001-09-10;F;78193834;isidora.lopez82@example.com;2023-08-18;Activo;2023-08-18 00:00:00
SOC083;Ernesto;Atienza Arjona;2005-10-13;M;78484898;ernesto.atienza83@example.com;2024-10-21;Activo;2024-10-21 00:00:00
SOC084;Teodora;Jordá Pozo;1971-10-17;M;75141349;teodora.jordá84@example.com;2023-08-29;Activo;2023-08-29 00:00:00
SOC085;Elena;Estévez Ojeda;1995-06-16;M;72015065;elena.estévez85@example.com;2023-02-05;Activo;2023-02-05 00:00:00
SOC086;Ángeles;Echeverría Gabaldón;1970-09-23;M;76007883;ángeles.echeverría86@example.com;2024-11-19;Activo;2024-11-19 00:00:00
SOC087;Judith;Feliu Arévalo;2004-10-28;M;74589585;judith.feliu87@example.com;2024-11-26;Activo;2024-11-26 00:00:00
SOC088;Luisa;Escribano Baena;1992-11-10;F;73132501;luisa.escribano88@example.com;2024-12-27;Activo;2024-12-27 00:00:00
SOC089;Florentino;Salvà Rodríguez;1984-10-29;F;72784768;florentino.salvà89@example.com;2024-10-16;Activo;2024-10-16 00:00:00
SOC090;Carmina;Barral Marqués;1977-07-10;M;77362287;carmina.barral90@example.com;2023-08-01;Activo;2023-08-01 00:00:00
SOC091;Natalio;Alfonso Canales;1995-09-05;F;76846520;natalio.alfonso91@example.com;2024-11-17;Activo;2024-11-17 00:00:00
SOC092;Pepe;Porta Roma;1972-12-04;M;74120264;pepe.porta92@example.com;2024-06-15;Activo;2024-06-15 00:00:00
SOC093;Leopoldo;Rey Cabezas;2002-12-22;M;73454772;leopoldo.rey93@example.com;2024-05-12;Activo;2024-05-12 00:00:00
SOC094;Celso;Oliva Pagès;1981-07-26;M;74128906;celso.oliva94@example.com;2023-09-21;Activo;2023-09-21 00:00:00
SOC095;Alfonso;Delgado Álamo;1988-05-01;F;73188328;alfonso.delgado95@example.com;2024-08-06;Activo;2024-08-06 00:00:00
SOC096;Martin;Pedrero Montoya;2004-11-28;M;71687264;martin.pedrero96@example.com;2024-04-10;Activo;2024-04-10 00:00:00
SOC097;Ciríaco;Losada Casanova;1986-03-23;F;76832211;ciríaco.losada97@example.com;2023-11-22;Activo;2023-11-22 00:00:00
SOC098;Nydia;Riquelme Ibañez;2001-12-31;F;79897097;nydia.riquelme98@example.com;2023-08-08;Activo;2023-08-08 00:00:00
SOC099;Bernabé;Amigó Baró;1980-08-09;F;76549831;bernabé.amigó99@example.com;2023-10-10;Activo;2023-10-10 00:00:00
SOC100;Clara;Olivé Barba;2006-05-15;M;76848276;clara.olivé100@example.com;2023-10-14;Activo;2023-10-14 00:00:00
SOC101;Antonio;Amor Arroyo;1982-01-01;M;75136972;antonio.amor101@example.com;2024-06-26;Activo;2024-06-26 00:00:00
SOC102;Azahara;Noriega Losa;1996-09-29;M;72875348;azahara.noriega102@example.com;2023-10-09;Activo;2023-10-09 00:00:00
SOC103;Lara;Bonet Coll;1985-04-17;M;74452371;lara.bonet103@example.com;2024-02-08;Activo;2024-02-08 00:00:00
SOC104;Ofelia;Vazquez Cabo;1993-01-15;F;71662543;ofelia.vazquez104@example.com;2024-02-11;Activo;2024-02-11 00:00:00
SOC105;Leire;Peña Reig;1988-09-12;M;77476189;leire.peña105@example.com;2023-09-26;Activo;2023-09-26 00:00:00
SOC106;Mateo;Anaya Domingo;1986-09-02;M;71704072;mateo.anaya106@example.com;2024-09-25;Activo;2024-09-25 00:00:00
SOC107;Corona;Girón Quiroga;1987-12-20;M;72803872;corona.girón107@example.com;2024-05-20;Activo;2024-05-20 00:00:00
SOC108;Teo;Duran Torrents;1994-02-25;M;73528899;teo.duran108@example.com;2023-10-18;Activo;2023-10-18 00:00:00
SOC109;Carmelo;Exposito Llanos;1970-11-03;F;77568863;carmelo.exposito109@example.com;2023-08-31;Activo;2023-08-31 00:00:00
SOC110;Javiera;Vall Molins;1987-07-24;F;73568374;javiera.vall110@example.com;2024-07-17;Activo;2024-07-17 00:00:00
SOC111;Mateo;Mir Torrijos;1999-05-02;M;79021573;mateo.mir111@example.com;2023-09-07;Activo;2023-09-07 00:00:00
SOC112;Maxi;Mate Giralt;1986-06-02;M;73701359;maxi.mate112@example.com;2023-12-31;Activo;2023-12-31 00:00:00
SOC113;Gilberto;Ricart Requena;1984-12-08;M;77056087;gilberto.ricart113@example.com;2024-05-06;Activo;2024-05-06 00:00:00
SOC114;Olga;Egea Piñol;1977-03-12;M;77374202;olga.egea114@example.com;2023-02-09;Activo;2023-02-09 00:00:00
SOC115;Fito;Miranda Capdevila;1975-10-26;F;73233803;fito.miranda115@example.com;2023-03-30;Activo;2023-03-30 00:00:00
SOC116;Natanael;Ballester Escudero;2001-04-14;M;79640746;natanael.ballester116@example.com;2024-02-13;Activo;2024-02-13 00:00:00
SOC117;Iris;Cordero Recio;2001-04-07;M;73894756;iris.cordero117@example.com;2024-08-10;Activo;2024-08-10 00:00:00
SOC118;Iker;Benítez Anguita;1997-09-23;F;77659333;iker.benítez118@example.com;2023-03-11;Activo;2023-03-11 00:00:00
SOC119;Anunciación;Losa Perez;1981-02-22;M;79654372;anunciación.losa119@example.com;2023-08-11;Activo;2023-08-11 00:00:00
SOC120;Crescencia;Sevillano Borrell;1998-12-14;F;73541276;crescencia.sevillano120@example.com;2023-06-10;Activo;2023-06-10 00:00:00
SOC121;Berto;Barceló Alemany;1997-12-22;F;71806080;berto.barceló121@example.com;2024-01-11;Activo;2024-01-11 00:00:00
SOC122;Felix;Solano Vidal;2005-03-15;F;77356107;felix.solano122@example.com;2023-05-09;Activo;2023-05-09 00:00:00
SOC123;Cirino;Oller Fabra;1984-04-19;F;78854349;cirino.oller123@example.com;2024-10-29;Activo;2024-10-29 00:00:00
SOC124;Anna;Huertas Prieto;1970-01-22;M;76926696;anna.huertas124@example.com;2024-06-05;Activo;2024-06-05 00:00:00
SOC125;Fabiana;Mesa Criado;1999-09-18;M;77012090;fabiana.mesa125@example.com;2024-02-01;Activo;2024-02-01 00:00:00
SOC126;Jacobo;Duarte Guzmán;1998-07-10;M;78325714;jacobo.duarte126@example.com;2023-01-28;Activo;2023-01-28 00:00:00
SOC127;Eugenio;Tudela Roldán;1996-10-04;M;71319726;eugenio.tudela127@example.com;2023-04-16;Activo;2023-04-16 00:00:00
SOC128;Jose Ignacio;Calvo Tejada;1981-10-22;M;74880879;joseignacio.calvo128@example.com;2024-11-06;Activo;2024-11-06 00:00:00
SOC129;Luis Miguel;Yáñez Tello;1976-04-30;M;75668511;luismiguel.yáñez129@example.com;2024-10-25;Activo;2024-10-25 00:00:00
SOC130;Fortunato;Larrea Moll;1981-01-29;M;78106231;fortunato.larrea130@example.com;2023-12-17;Activo;2023-12-17 00:00:00
SOC131;Eugenia;Prieto Cantero;1981-04-25;F;78694633;eugenia.prieto131@example.com;2023-09-16;Activo;2023-09-16 00:00:00
SOC132;Guadalupe;Fajardo Pou;1985-01-13;F;72738082;guadalupe.fajardo132@example.com;2023-08-10;Activo;2023-08-10 00:00:00
SOC133;Toni;Montalbán Pintor;1992-11-03;F;71100965;toni.montalbán133@example.com;2024-10-06;Activo;2024-10-06 00:00:00
SOC134;Basilio;Llorens Orozco;1970-11-23;M;77239911;basilio.llorens134@example.com;2024-10-11;Activo;2024-10-11 00:00:00
SOC135;Alejandro;Solano Luna;2002-09-26;F;72756604;alejandro.solano135@example.com;2023-12-03;Activo;2023-12-03 00:00:00
SOC136;Luz;Bilbao Vargas;1972-11-11;F;76650709;luz.bilbao136@example.com;2023-10-02;Activo;2023-10-02 00:00:00
SOC137;Magdalena;Barceló Perales;2004-01-29;F;75816252;magdalena.barceló137@example.com;2024-05-09;Activo;2024-05-09 00:00:00
SOC138;Melania;Maestre Solera;1992-03-20;M;72286525;melania.maestre138@example.com;2024-04-02;Activo;2024-04-02 00:00:00
SOC139;Miguela;Prado Porta;1975-09-30;M;75582322;miguela.prado139@example.com;2024-05-18;Activo;2024-05-18 00:00:00
SOC140;Liliana;Serra Sierra;1972-12-07;F;73107945;liliana.serra140@example.com;2024-12-15;Activo;2024-12-15 00:00:00
SOC141;Roldán;Anglada Roma;1974-02-10;F;72685869;roldán.anglada141@example.com;2023-01-30;Activo;2023-01-30 00:00:00
SOC142;Javier;Barrios Mendizábal;1986-06-23;M;78926479;javier.barrios142@example.com;2023-05-21;Activo;2023-05-21 00:00:00
SOC143;Anita;Plana Vaquero;1983-04-17;M;73535715;anita.plana143@example.com;2023-01-19;Activo;2023-01-19 00:00:00
SOC144;Vilma;Torre Falcó;1999-08-01;F;73741434;vilma.torre144@example.com;2023-01-12;Activo;2023-01-12 00:00:00
SOC145;Andrés;Collado Tomé;1974-09-26;F;75240696;andrés.collado145@example.com;2023-11-14;Activo;2023-11-14 00:00:00
SOC146;Fabricio;Gordillo Ortuño;1984-05-07;F;71011177;fabricio.gordillo146@example.com;2024-08-09;Activo;2024-08-09 00:00:00
SOC147;Carmelo;Quintanilla Tomas;1978-03-24;M;76476759;carmelo.quintanilla147@example.com;2024-12-31;Activo;2024-12-31 00:00:00
SOC148;América;Iglesias Martín;2006-02-16;M;75621668;américa.iglesias148@example.com;2023-07-22;Activo;2023-07-22 00:00:00
SOC149;Paulina;Soria Amorós;2001-01-13;F;72984106;paulina.soria149@example.com;2024-11-10;Activo;2024-11-10 00:00:00
SOC150;Victor;Vilanova Bru;1971-09-19;F;71321398;victor.vilanova150@example.com;2023-01-09;Activo;2023-01-09 00:00:00
SOC151;Anunciación;Bilbao Torres;1993-01-05;F;77405891;anunciación.bilbao151@example.com;2023-08-12;Activo;2023-08-12 00:00:00
SOC152;Almudena;Ferrera Escudero;1991-11-11;F;77305841;almudena.ferrera152@example.com;2024-05-21;Activo;2024-05-21 00:00:00
SOC153;Cecilio;Corbacho Parra;2005-01-07;M;76422577;cecilio.corbacho153@example.com;2023-08-05;Activo;2023-08-05 00:00:00
SOC154;Genoveva;Lillo Solera;2005-07-01;M;77098581;genoveva.lillo154@example.com;2023-03-24;Activo;2023-03-24 00:00:00
SOC155;Florentina;Alberola Santana;2000-08-11;M;78911311;florentina.alberola155@example.com;2024-02-04;Activo;2024-02-04 00:00:00
SOC156;Adela;Ropero Arnal;1992-08-07;M;73633034;adela.ropero156@example.com;2024-04-23;Activo;2024-04-23 00:00:00
SOC157;Sabina;Lamas Bauzà;1976-01-11;M;75521939;sabina.lamas157@example.com;2023-09-14;Activo;2023-09-14 00:00:00
SOC158;Clementina;Torrijos Redondo;1980-01-28;M;75776878;clementina.torrijos158@example.com;2024-01-15;Activo;2024-01-15 00:00:00
SOC159;Florencia;Ayllón Gracia;1981-03-06;M;77496998;florencia.ayllón159@example.com;2023-04-06;Activo;2023-04-06 00:00:00
SOC160;Poncio;Oliveras Pujadas;1987-08-25;F;78666074;poncio.oliveras160@example.com;2023-11-23;Activo;2023-11-23 00:00:00
SOC161;Pía;Espejo Molins;1990-12-11;F;79970118;pía.espejo161@example.com;2023-12-25;Activo;2023-12-25 00:00:00
SOC162;Isidro;Sanmiguel Mendez;1986-05-16;M;71721039;isidro.sanmiguel162@example.com;2024-11-13;Activo;2024-11-13 00:00:00
SOC163;Manuelita;Barrena Posada;1979-04-30;M;75098238;manuelita.barrena163@example.com;2024-12-19;Activo;2024-12-19 00:00:00
SOC164;Belen;Guerra Armas;1990-07-10;M;76287505;belen.guerra164@example.com;2024-12-07;Activo;2024-12-07 00:00:00
SOC165;Gisela;Valverde Santamaria;1973-05-02;M;75859346;gisela.valverde165@example.com;2023-12-07;Activo;2023-12-07 00:00:00
SOC166;Pía;Niño Borrell;1990-08-21;M;76502773;pía.niño166@example.com;2024-03-05;Activo;2024-03-05 00:00:00
SOC167;Demetrio;Bermejo Jiménez;1998-10-19;M;77991098;demetrio.bermejo167@example.com;2024-01-27;Activo;2024-01-27 00:00:00
SOC168;Valero;Goñi Ródenas;1972-06-05;M;72960341;valero.goñi168@example.com;2024-12-26;Activo;2024-12-26 00:00:00
SOC169;Andrés Felipe;Vilanova Adán;1986-05-22;M;77919810;andrésfelipe.vilanova169@example.com;2023-12-22;Activo;2023-12-22 00:00:00
SOC170;Daniel;Cañizares Checa;1973-12-21;F;77725742;daniel.cañizares170@example.com;2023-06-26;Activo;2023-06-26 00:00:00
SOC171;Marisol;Llano Cañizares;2004-05-02;M;74833676;marisol.llano171@example.com;2023-01-14;Activo;2023-01-14 00:00:00
SOC172;Marcelo;Nevado Alvarez;1983-06-18;M;76384141;marcelo.nevado172@example.com;2023-12-10;Activo;2023-12-10 00:00:00
SOC173;Ulises;Ugarte Bernal;1997-09-26;F;73309155;ulises.ugarte173@example.com;2023-01-03;Activo;2023-01-03 00:00:00
SOC174;Emperatriz;Avilés Cruz;2004-03-03;F;77490777;emperatriz.avilés174@example.com;2024-04-23;Activo;2024-04-23 00:00:00
SOC175;Heraclio;Pina Lucena;1983-07-06;F;77772830;heraclio.pina175@example.com;2023-09-16;Activo;2023-09-16 00:00:00
SOC176;Azahara;Echeverría Roura;1995-12-29;M;75308865;azahara.echeverría176@example.com;2023-07-13;Activo;2023-07-13 00:00:00
SOC177;Aurelio;Aguiló Díaz;1989-10-19;F;74477695;aurelio.aguiló177@example.com;2024-05-25;Activo;2024-05-25 00:00:00
SOC178;Juan;Falcó Martínez;1986-07-10;M;77270127;juan.falcó178@example.com;2024-12-30;Activo;2024-12-30 00:00:00
SOC179;Néstor;Caparrós Porras;2000-09-04;M;73222088;néstor.caparrós179@example.com;2024-10-12;Activo;2024-10-12 00:00:00
SOC180;Julia;Ibáñez Rocha;1992-06-17;M;77325885;julia.ibáñez180@example.com;2023-04-25;Activo;2023-04-25 00:00:00
SOC181;Ligia;Batlle Villalonga;1973-02-18;F;71265198;ligia.batlle181@example.com;2024-05-06;Activo;2024-05-06 00:00:00
SOC182;Sandra;Luna Andreu;1971-06-01;M;75095997;sandra.luna182@example.com;2024-02-27;Activo;2024-02-27 00:00:00
SOC183;Jacinta;Benavente Casals;1974-05-15;M;78722313;jacinta.benavente183@example.com;2024-07-22;Activo;2024-07-22 00:00:00
SOC184;Héctor;Manzanares Jódar;1971-11-25;M;78522522;héctor.manzanares184@example.com;2023-07-03;Activo;2023-07-03 00:00:00
SOC185;Victoriano;Portillo Amador;1999-03-27;F;74217108;victoriano.portillo185@example.com;2024-06-27;Activo;2024-06-27 00:00:00
SOC186;Cayetana;González Naranjo;1986-12-04;M;79051918;cayetana.gonzález186@example.com;2023-10-06;Activo;2023-10-06 00:00:00
SOC187;Marisela;Antúnez Galan;1977-10-14;F;76907597;marisela.antúnez187@example.com;2024-05-20;Activo;2024-05-20 00:00:00
SOC188;Adrián;Benitez Fuentes;1984-06-09;M;77034521;adrián.benitez188@example.com;2024-03-11;Activo;2024-03-11 00:00:00
SOC189;Eleuterio;Calderón Fiol;1976-03-15;F;76480021;eleuterio.calderón189@example.com;2023-07-02;Activo;2023-07-02 00:00:00
SOC190;Clarisa;Peinado Cabrera;1984-02-11;M;74995847;clarisa.peinado190@example.com;2024-05-28;Activo;2024-05-28 00:00:00
SOC191;Nayara;Marqués Lucas;1978-01-25;M;72711256;nayara.marqués191@example.com;2023-12-27;Activo;2023-12-27 00:00:00
SOC192;Sebastián;Torrijos Escrivá;1994-11-25;M;77322046;sebastián.torrijos192@example.com;2024-08-23;Activo;2024-08-23 00:00:00
SOC193;Miriam;Calzada Martin;1993-03-06;M;71127470;miriam.calzada193@example.com;2023-08-14;Activo;2023-08-14 00:00:00
SOC194;Omar;Escolano Folch;1989-01-12;F;72758699;omar.escolano194@example.com;2024-01-04;Activo;2024-01-04 00:00:00
SOC195;Rico;Marqués Patiño;1991-11-04;M;71133102;rico.marqués195@example.com;2023-08-20;Activo;2023-08-20 00:00:00
SOC196;Fidela;Roma Amigó;1974-04-06;F;76248168;fidela.roma196@example.com;2023-12-06;Activo;2023-12-06 00:00:00
SOC197;Teobaldo;Revilla Arnau;1974-06-04;M;76125239;teobaldo.revilla197@example.com;2024-06-10;Activo;2024-06-10 00:00:00
SOC198;Lina;Ojeda Exposito;1993-07-08;M;71051613;lina.ojeda198@example.com;2024-04-16;Activo;2024-04-16 00:00:00
SOC199;Pepita;Jara Almeida;1984-04-20;F;78471497;pepita.jara199@example.com;2023-08-08;Activo;2023-08-08 00:00:00
SOC200;Cayetano;Borrell Alcázar;1976-01-16;F;76600962;cayetano.borrell200@example.com;2023-07-22;Activo;2023-07-22 00:00:00
SOC201;Palmira;Gimenez Chico;1998-10-07;M;78960376;palmira.gimenez201@example.com;2023-10-06;Activo;2023-10-06 00:00:00
SOC202;Artemio;Fiol Villaverde;1980-07-29;M;78091282;artemio.fiol202@example.com;2023-12-14;Activo;2023-12-14 00:00:00
SOC203;Águeda;Benavent Bosch;1990-12-13;F;72992946;águeda.benavent203@example.com;2024-04-26;Activo;2024-04-26 00:00:00
SOC204;Pascual;Ribes Artigas;1979-10-05;F;73628654;pascual.ribes204@example.com;2023-11-24;Activo;2023-11-24 00:00:00
SOC205;Reinaldo;Font Cañas;1983-01-09;F;71330464;reinaldo.font205@example.com;2024-02-22;Activo;2024-02-22 00:00:00
SOC206;Rafa;Pera Sebastián;1982-07-27;M;79707240;rafa.pera206@example.com;2023-03-26;Activo;2023-03-26 00:00:00
SOC207;Amando;Llano Tur;2002-07-07;F;75790268;amando.llano207@example.com;2024-10-18;Activo;2024-10-18 00:00:00
SOC208;Almudena;Cid Llamas;1974-11-06;M;75756683;almudena.cid208@example.com;2024-04-02;Activo;2024-04-02 00:00:00
SOC209;Maricela;Vara Tomas;1994-02-28;M;78924103;maricela.vara209@example.com;2024-03-07;Activo;2024-03-07 00:00:00
SOC210;Rubén;Campillo Serna;1974-01-21;F;79300521;rubén.campillo210@example.com;2024-01-28;Activo;2024-01-28 00:00:00
SOC211;Aurelia;Boix Cuevas;1994-04-01;M;76542143;aurelia.boix211@example.com;2024-11-07;Activo;2024-11-07 00:00:00
SOC212;Tecla;Pera Barbero;1986-01-17;F;76362707;tecla.pera212@example.com;2024-07-21;Activo;2024-07-21 00:00:00
SOC213;Marisa;Girona Moll;1992-05-09;F;73365972;marisa.girona213@example.com;2024-03-25;Activo;2024-03-25 00:00:00
SOC214;María Ángeles;Laguna Palacios;2006-03-06;M;79590178;maríaángeles.laguna214@example.com;2024-05-17;Activo;2024-05-17 00:00:00
SOC215;Agustina;Reina Codina;1987-07-25;F;78014453;agustina.reina215@example.com;2023-04-26;Activo;2023-04-26 00:00:00
SOC216;Griselda;Armas Sanabria;2001-07-14;M;71345802;griselda.armas216@example.com;2023-02-04;Activo;2023-02-04 00:00:00
SOC217;José María;Cañellas Aller;1978-10-07;M;75201694;josémaría.cañellas217@example.com;2024-12-21;Activo;2024-12-21 00:00:00
SOC218;Hilario;Gárate Escalona;1990-06-28;M;77291335;hilario.gárate218@example.com;2023-08-10;Activo;2023-08-10 00:00:00
SOC219;Che;Barrera Ariño;1993-06-28;M;74038833;che.barrera219@example.com;2023-06-23;Activo;2023-06-23 00:00:00
SOC220;Odalys;Ricart Codina;1981-06-01;M;77951401;odalys.ricart220@example.com;2023-03-28;Activo;2023-03-28 00:00:00
SOC221;Augusto;Casal Barroso;1972-03-09;M;78467614;augusto.casal221@example.com;2023-02-04;Activo;2023-02-04 00:00:00
SOC222;Fulgencio;Patiño Godoy;1997-10-25;F;76534493;fulgencio.patiño222@example.com;2024-07-07;Activo;2024-07-07 00:00:00
SOC223;Begoña;Sanchez Lumbreras;1981-10-15;F;71921437;begoña.sanchez223@example.com;2024-12-28;Activo;2024-12-28 00:00:00
SOC224;Adora;Pedrero Valero;1999-01-19;M;79824999;adora.pedrero224@example.com;2024-08-19;Activo;2024-08-19 00:00:00
SOC225;Dolores;Alcalde Martinez;1973-12-17;F;71706398;dolores.alcalde225@example.com;2024-07-21;Activo;2024-07-21 00:00:00
SOC226;Ofelia;Royo Vidal;1974-08-27;F;72544196;ofelia.royo226@example.com;2023-03-24;Activo;2023-03-24 00:00:00
SOC227;Alejandro;Giménez Espada;1971-06-20;M;76228917;alejandro.giménez227@example.com;2023-08-10;Activo;2023-08-10 00:00:00
SOC228;Guadalupe;Ayllón Marín;1994-08-02;F;78406378;guadalupe.ayllón228@example.com;2024-12-27;Activo;2024-12-27 00:00:00
SOC229;Gaspar;Pizarro Donaire;1986-04-30;F;77368181;gaspar.pizarro229@example.com;2024-08-22;Activo;2024-08-22 00:00:00
SOC230;Jerónimo;Anguita Escolano;2004-05-09;F;72294365;jerónimo.anguita230@example.com;2024-08-07;Activo;2024-08-07 00:00:00
SOC231;Yésica;Llamas Villalonga;1984-07-07;M;78661288;yésica.llamas231@example.com;2024-12-18;Activo;2024-12-18 00:00:00
SOC232;María Luisa;Alfonso Bueno;1984-03-15;F;71139066;maríaluisa.alfonso232@example.com;2024-08-09;Activo;2024-08-09 00:00:00
SOC233;Raquel;Ayuso Rosselló;1980-03-02;F;77147291;raquel.ayuso233@example.com;2023-03-28;Activo;2023-03-28 00:00:00
SOC234;Encarna;Mendez Castañeda;1973-04-24;M;74276880;encarna.mendez234@example.com;2024-04-17;Activo;2024-04-17 00:00:00
SOC235;Milagros;Cadenas Saura;1972-08-04;M;74590178;milagros.cadenas235@example.com;2023-04-21;Activo;2023-04-21 00:00:00
SOC236;Dolores;Vallejo Arranz;1981-08-13;M;79511606;dolores.vallejo236@example.com;2024-01-26;Activo;2024-01-26 00:00:00
SOC237;Daniel;García Colom;1989-07-20;M;73126196;daniel.garcía237@example.com;2024-10-16;Activo;2024-10-16 00:00:00
SOC238;Heriberto;Bilbao Yuste;1983-04-26;M;72046879;heriberto.bilbao238@example.com;2024-07-24;Activo;2024-07-24 00:00:00
SOC239;Gertrudis;Olmedo Reig;1986-01-18;F;71878623;gertrudis.olmedo239@example.com;2024-03-17;Activo;2024-03-17 00:00:00
SOC240;Luna;Chico Pozuelo;1985-10-10;F;78790540;luna.chico240@example.com;2024-05-10;Activo;2024-05-10 00:00:00
SOC241;Marcelino;Falcó Miranda;1990-05-14;M;78674538;marcelino.falcó241@example.com;2023-02-19;Activo;2023-02-19 00:00:00
SOC242;Cruz;Macias Ríos;1990-10-02;M;79719267;cruz.macias242@example.com;2024-09-06;Activo;2024-09-06 00:00:00
SOC243;Adora;Mancebo Ureña;1971-09-16;M;79610931;adora.mancebo243@example.com;2024-03-15;Activo;2024-03-15 00:00:00
SOC244;Violeta;Piñol Ramírez;2001-05-18;M;75703155;violeta.piñol244@example.com;2024-02-18;Activo;2024-02-18 00:00:00
SOC245;América;Nuñez Torrens;1985-01-24;M;75146979;américa.nuñez245@example.com;2023-03-25;Activo;2023-03-25 00:00:00
SOC246;Pilar;Baños Cabrero;2000-05-24;F;72843973;pilar.baños246@example.com;2023-12-21;Activo;2023-12-21 00:00:00
SOC247;Luis Ángel;Gisbert Menéndez;1972-03-06;M;78555850;luisángel.gisbert247@example.com;2023-12-20;Activo;2023-12-20 00:00:00
SOC248;Seve;Solera Planas;1994-01-22;M;73095144;seve.solera248@example.com;2023-01-24;Activo;2023-01-24 00:00:00
SOC249;Montserrat;Luís Ribes;1993-02-20;M;71585221;montserrat.luís249@example.com;2023-04-26;Activo;2023-04-26 00:00:00
SOC250;Eva;Serna Mate;1981-10-05;M;74962631;eva.serna250@example.com;2024-09-10;Activo;2024-09-10 00:00:00
SOC251;Rodolfo;Prat Alcalá;1994-10-20;M;77656385;rodolfo.prat251@example.com;2024-12-14;Activo;2024-12-14 00:00:00
SOC252;Ainara;Cornejo Mateo;2001-01-24;F;79032632;ainara.cornejo252@example.com;2023-04-11;Activo;2023-04-11 00:00:00
SOC253;Candelario;Villegas Doménech;2004-09-28;M;76477929;candelario.villegas253@example.com;2024-12-21;Activo;2024-12-21 00:00:00
SOC254;Virgilio;Bernal Mir;1977-03-18;F;74458104;virgilio.bernal254@example.com;2023-12-27;Activo;2023-12-27 00:00:00
SOC255;Eligia;Martínez Ureña;1988-03-22;M;78315611;eligia.martínez255@example.com;2024-06-28;Activo;2024-06-28 00:00:00
SOC256;Emma;Borrego Castrillo;1990-10-27;F;76451957;emma.borrego256@example.com;2024-03-18;Activo;2024-03-18 00:00:00
SOC257;Carmen;Mercader Gómez;1991-03-28;F;78241143;carmen.mercader257@example.com;2024-09-02;Activo;2024-09-02 00:00:00
SOC258;Apolinar;Villegas Heras;1975-08-08;F;73056401;apolinar.villegas258@example.com;2023-10-30;Activo;2023-10-30 00:00:00
SOC259;Marisela;Tejero Querol;1995-03-28;F;74024614;marisela.tejero259@example.com;2024-07-04;Activo;2024-07-04 00:00:00
SOC260;Dani;Dueñas Sarmiento;1993-01-26;M;71410848;dani.dueñas260@example.com;2023-09-28;Activo;2023-09-28 00:00:00
SOC261;Trini;Solana Salgado;1973-12-09;M;74699578;trini.solana261@example.com;2023-07-21;Activo;2023-07-21 00:00:00
SOC262;Bibiana;Portero Gárate;1998-05-13;M;76209909;bibiana.portero262@example.com;2023-07-02;Activo;2023-07-02 00:00:00
SOC263;Rico;Carranza Figueroa;1986-09-18;M;77270999;rico.carranza263@example.com;2023-04-04;Activo;2023-04-04 00:00:00
SOC264;Marisol;Reguera Castells;1995-09-15;M;74737566;marisol.reguera264@example.com;2024-09-17;Activo;2024-09-17 00:00:00
SOC265;Aitor;Pla Cuéllar;1987-08-02;M;72029253;aitor.pla265@example.com;2023-03-08;Activo;2023-03-08 00:00:00
SOC266;José María;Aparicio Izaguirre;2006-01-01;M;76478903;josémaría.aparicio266@example.com;2023-05-03;Activo;2023-05-03 00:00:00
SOC267;Soraya;Tejedor Riera;2000-11-04;M;79902513;soraya.tejedor267@example.com;2023-09-30;Activo;2023-09-30 00:00:00
SOC268;Ariadna;Salom Espinosa;1993-10-05;M;74537189;ariadna.salom268@example.com;2024-04-23;Activo;2024-04-23 00:00:00
SOC269;Narcisa;Gual Cabrero;1977-11-25;M;72421717;narcisa.gual269@example.com;2024-10-18;Activo;2024-10-18 00:00:00
SOC270;Dolores;Pulido Cámara;1988-08-26;F;77440602;dolores.pulido270@example.com;2024-09-02;Activo;2024-09-02 00:00:00
SOC271;Estefanía;Pedraza Orozco;1978-03-22;M;72138932;estefanía.pedraza271@example.com;2023-01-13;Activo;2023-01-13 00:00:00
SOC272;Jordi;Bertrán Oliva;1985-05-24;M;76257956;jordi.bertrán272@example.com;2024-07-18;Activo;2024-07-18 00:00:00
SOC273;Paloma;Arnal Mayol;1994-11-11;F;79601121;paloma.arnal273@example.com;2023-12-05;Activo;2023-12-05 00:00:00
SOC274;Cándida;Fábregas Lobo;1972-11-05;F;73592005;cándida.fábregas274@example.com;2024-02-05;Activo;2024-02-05 00:00:00
SOC275;Vanesa;Iniesta Escribano;2005-06-22;F;73869822;vanesa.iniesta275@example.com;2023-11-28;Activo;2023-11-28 00:00:00
SOC276;Jesusa;Carro Ugarte;1998-08-18;M;78907452;jesusa.carro276@example.com;2023-01-12;Activo;2023-01-12 00:00:00
SOC277;Macario;García Corbacho;2006-12-23;M;77858049;macario.garcía277@example.com;2024-11-18;Activo;2024-11-18 00:00:00
SOC278;Lidia;Hernando Viñas;1985-02-07;M;72952067;lidia.hernando278@example.com;2024-01-09;Activo;2024-01-09 00:00:00
SOC279;Susanita;Arco Lumbreras;1978-03-01;F;71300857;susanita.arco279@example.com;2023-06-16;Activo;2023-06-16 00:00:00
SOC280;Ámbar;Bolaños Simó;1993-11-11;M;74993928;ámbar.bolaños280@example.com;2024-01-24;Activo;2024-01-24 00:00:00
SOC281;Jenaro;Sedano Piña;2001-11-18;F;71953780;jenaro.sedano281@example.com;2024-01-30;Activo;2024-01-30 00:00:00
SOC282;Albina;Alfonso Pintor;1973-08-08;F;78779779;albina.alfonso282@example.com;2023-07-16;Activo;2023-07-16 00:00:00
SOC283;Benigna;Pedraza Bastida;1975-10-31;F;75193204;benigna.pedraza283@example.com;2024-05-31;Activo;2024-05-31 00:00:00
SOC284;Dionisia;Pla Escobar;1970-08-27;M;72513838;dionisia.pla284@example.com;2023-12-05;Activo;2023-12-05 00:00:00
SOC285;Abigaíl;Goicoechea Ayuso;1991-10-10;F;74730788;abigaíl.goicoechea285@example.com;2024-05-11;Activo;2024-05-11 00:00:00
SOC286;Domitila;Roura Laguna;1990-12-08;M;71314071;domitila.roura286@example.com;2024-08-31;Activo;2024-08-31 00:00:00
SOC287;Rosa María;Torrecilla Rios;1993-09-05;F;79044286;rosamaría.torrecilla287@example.com;2024-10-20;Activo;2024-10-20 00:00:00
SOC288;Ángela;Luís Francisco;2000-02-20;M;72176973;ángela.luís288@example.com;2023-03-16;Activo;2023-03-16 00:00:00
SOC289;Adoración;Almagro Feijoo;1975-06-06;M;74516387;adoración.almagro289@example.com;2024-09-07;Activo;2024-09-07 00:00:00
SOC290;Jovita;Haro González;1988-09-08;M;73397718;jovita.haro290@example.com;2023-03-08;Activo;2023-03-08 00:00:00
SOC291;Lorenza;Cañellas Sastre;2005-08-08;M;71470356;lorenza.cañellas291@example.com;2023-05-03;Activo;2023-05-03 00:00:00
SOC292;Geraldo;Borja Benito;1971-02-21;F;73467697;geraldo.borja292@example.com;2023-08-17;Activo;2023-08-17 00:00:00
SOC293;Ibán;Oller Lillo;1977-01-05;F;71099711;ibán.oller293@example.com;2023-06-01;Activo;2023-06-01 00:00:00
SOC294;Dionisia;Alegria Cases;1983-07-02;F;75638346;dionisia.alegria294@example.com;2024-07-06;Activo;2024-07-06 00:00:00
SOC295;Adoración;Iriarte Guillén;1992-05-10;F;71440322;adoración.iriarte295@example.com;2024-12-31;Activo;2024-12-31 00:00:00
SOC296;Lorenzo;Barrios Sanz;1988-04-16;M;76768804;lorenzo.barrios296@example.com;2023-04-02;Activo;2023-04-02 00:00:00
SOC297;Vicente;Agustí Moraleda;2006-08-08;M;78119121;vicente.agustí297@example.com;2023-08-02;Activo;2023-08-02 00:00:00
SOC298;Jordi;Uribe Sierra;1991-09-02;F;77634855;jordi.uribe298@example.com;2023-04-15;Activo;2023-04-15 00:00:00
SOC299;Lázaro;Alcolea Alvarado;1990-12-11;F;76085693;lázaro.alcolea299@example.com;2023-08-12;Activo;2023-08-12 00:00:00
SOC300;Eugenia;Rozas Palacio;1997-06-08;M;72550625;eugenia.rozas300@example.com;2023-08-31;Activo;2023-08-31 00:00:00
SOC301;Candelaria;Herranz Lastra;2002-09-25;F;76941094;candelaria.herranz301@example.com;2023-10-01;Activo;2023-10-01 00:00:00
SOC302;Carolina;Manjón Caro;2004-11-07;F;74623840;carolina.manjón302@example.com;2023-06-17;Activo;2023-06-17 00:00:00
SOC303;Jose Francisco;Gil Puente;1987-11-05;F;74743996;josefrancisco.gil303@example.com;2024-05-01;Activo;2024-05-01 00:00:00
SOC304;Calisto;Pujadas Juan;1972-01-23;F;76863940;calisto.pujadas304@example.com;2023-02-06;Activo;2023-02-06 00:00:00
SOC305;Nicanor;Quintero Feliu;1993-12-17;M;78602817;nicanor.quintero305@example.com;2024-10-23;Activo;2024-10-23 00:00:00
SOC306;Ismael;Simó Herrero;1997-01-31;M;72341627;ismael.simó306@example.com;2023-06-08;Activo;2023-06-08 00:00:00
SOC307;Herminia;Infante Ramos;1992-03-21;M;79817590;herminia.infante307@example.com;2024-11-29;Activo;2024-11-29 00:00:00
SOC308;Rafa;Bravo Dominguez;2004-08-22;M;72637859;rafa.bravo308@example.com;2024-08-17;Activo;2024-08-17 00:00:00
SOC309;Máximo;Cervantes Infante;2004-11-01;F;76116900;máximo.cervantes309@example.com;2023-06-10;Activo;2023-06-10 00:00:00
SOC310;Joel;Sanjuan Pintor;1996-09-28;M;75993705;joel.sanjuan310@example.com;2024-04-25;Activo;2024-04-25 00:00:00
SOC311;Paulino;Alegre Taboada;1988-08-17;M;78771929;paulino.alegre311@example.com;2024-10-03;Activo;2024-10-03 00:00:00
SOC312;Odalys;Cerdá Osuna;1980-06-22;M;79313110;odalys.cerdá312@example.com;2023-02-16;Activo;2023-02-16 00:00:00
SOC313;Gabino;Solís Cueto;1975-09-25;M;74021394;gabino.solís313@example.com;2023-11-21;Activo;2023-11-21 00:00:00
SOC314;Mayte;Raya Rosales;2004-03-13;M;77582818;mayte.raya314@example.com;2023-10-16;Activo;2023-10-16 00:00:00
SOC315;Emperatriz;Guerra Peñalver;1970-07-29;F;75473698;emperatriz.guerra315@example.com;2024-01-22;Activo;2024-01-22 00:00:00
SOC316;Celso;Rico Sanz;1988-05-11;F;73601388;celso.rico316@example.com;2023-03-01;Activo;2023-03-01 00:00:00
SOC317;Reinaldo;Taboada Grau;1979-09-28;F;73213351;reinaldo.taboada317@example.com;2024-01-21;Activo;2024-01-21 00:00:00
SOC318;Goyo;Ugarte Calleja;1972-02-03;F;75677103;goyo.ugarte318@example.com;2024-05-23;Activo;2024-05-23 00:00:00
SOC319;Espiridión;Gomis Quesada;2005-08-01;M;78491713;espiridión.gomis319@example.com;2024-10-17;Activo;2024-10-17 00:00:00
SOC320;José;Reig Font;1987-08-27;M;72912499;josé.reig320@example.com;2023-09-14;Activo;2023-09-14 00:00:00
SOC321;Ángela;Flores Guillen;1989-08-02;F;77154791;ángela.flores321@example.com;2023-11-04;Activo;2023-11-04 00:00:00
SOC322;Calista;González Amigó;1972-06-27;M;71735733;calista.gonzález322@example.com;2024-04-04;Activo;2024-04-04 00:00:00
SOC323;Clemente;Crespo Gallardo;2002-09-22;M;73259054;clemente.crespo323@example.com;2024-01-23;Activo;2024-01-23 00:00:00
SOC324;José Manuel;Frutos Garzón;1974-09-29;F;79519371;josémanuel.frutos324@example.com;2023-07-07;Activo;2023-07-07 00:00:00
SOC325;Tomasa;Abril Egea;1979-02-20;F;76566043;tomasa.abril325@example.com;2023-03-24;Activo;2023-03-24 00:00:00
SOC326;Bernarda;Benavides Colomer;1973-07-14;M;78375635;bernarda.benavides326@example.com;2024-07-28;Activo;2024-07-28 00:00:00
SOC327;Loreto;Iñiguez Paredes;1971-08-04;M;74580023;loreto.iñiguez327@example.com;2024-03-20;Activo;2024-03-20 00:00:00
SOC328;Alejo;Ugarte Vilaplana;1970-06-30;M;74862863;alejo.ugarte328@example.com;2024-07-12;Activo;2024-07-12 00:00:00
SOC329;Balduino;Molina Múgica;1993-11-22;M;75730249;balduino.molina329@example.com;2023-06-29;Activo;2023-06-29 00:00:00
SOC330;César;Fernandez Hoz;2001-08-27;F;76618216;césar.fernandez330@example.com;2023-01-16;Activo;2023-01-16 00:00:00
SOC331;Juan Pablo;Mir Rivera;1990-06-03;M;73263411;juanpablo.mir331@example.com;2024-12-09;Activo;2024-12-09 00:00:00
SOC332;Régulo;Puig Bustos;1993-04-29;F;78614973;régulo.puig332@example.com;2024-06-13;Activo;2024-06-13 00:00:00
SOC333;Salvador;Gimenez Pascual;1980-07-15;M;71954700;salvador.gimenez333@example.com;2023-07-13;Activo;2023-07-13 00:00:00
SOC334;Nicolasa;Montserrat Goñi;1985-04-24;M;76482282;nicolasa.montserrat334@example.com;2023-03-18;Activo;2023-03-18 00:00:00
SOC335;Román;Quiroga Marcos;1993-01-13;M;74025017;román.quiroga335@example.com;2024-03-02;Activo;2024-03-02 00:00:00
SOC336;Lupita;Echevarría Rodriguez;2004-01-24;M;74641439;lupita.echevarría336@example.com;2023-12-01;Activo;2023-12-01 00:00:00
SOC337;Raúl;Arrieta Ugarte;2003-03-18;F;77103561;raúl.arrieta337@example.com;2023-09-09;Activo;2023-09-09 00:00:00
SOC338;Ofelia;Girona Armengol;1983-07-22;M;72848289;ofelia.girona338@example.com;2023-01-16;Activo;2023-01-16 00:00:00
SOC339;Jose Miguel;Hervia Matas;1974-04-16;M;76452846;josemiguel.hervia339@example.com;2023-03-17;Activo;2023-03-17 00:00:00
SOC340;Fortunata;Bertrán Manjón;1999-10-22;F;72159130;fortunata.bertrán340@example.com;2023-12-08;Activo;2023-12-08 00:00:00
SOC341;Trinidad;Sainz Gálvez;1987-03-29;F;75673431;trinidad.sainz341@example.com;2024-03-15;Activo;2024-03-15 00:00:00
SOC342;José Ángel;Alberdi Gordillo;1993-01-01;F;71638828;joséángel.alberdi342@example.com;2023-03-21;Activo;2023-03-21 00:00:00
SOC343;Juan Bautista;Sanchez Rebollo;1980-12-04;F;75167440;juanbautista.sanchez343@example.com;2023-03-08;Activo;2023-03-08 00:00:00
SOC344;Amaro;Camino Escamilla;2005-02-21;F;76315626;amaro.camino344@example.com;2023-06-19;Activo;2023-06-19 00:00:00
SOC345;Iker;Linares Mendoza;1998-03-29;M;77573095;iker.linares345@example.com;2024-07-30;Activo;2024-07-30 00:00:00
SOC346;Ana;Arce Agustí;2003-11-29;M;79695304;ana.arce346@example.com;2023-07-10;Activo;2023-07-10 00:00:00
SOC347;Jose Angel;León Carpio;1981-02-10;F;72739523;joseangel.león347@example.com;2024-06-19;Activo;2024-06-19 00:00:00
SOC348;Pastor;Reina Leiva;1979-04-10;M;72763711;pastor.reina348@example.com;2024-05-06;Activo;2024-05-06 00:00:00
SOC349;Godofredo;Villegas Gallardo;1983-03-24;M;72701372;godofredo.villegas349@example.com;2024-05-29;Activo;2024-05-29 00:00:00
SOC350;Eric;Mir Cazorla;1980-09-14;F;77278280;eric.mir350@example.com;2024-06-20;Activo;2024-06-20 00:00:00
SOC351;José;Villalobos Padilla;1973-01-24;M;74023925;josé.villalobos351@example.com;2024-03-19;Activo;2024-03-19 00:00:00
SOC352;Mercedes;Polo Salinas;1983-06-02;M;71997789;mercedes.polo352@example.com;2023-10-08;Activo;2023-10-08 00:00:00
SOC353;Baldomero;Roman Fajardo;1975-03-17;M;78626421;baldomero.roman353@example.com;2024-09-28;Activo;2024-09-28 00:00:00
SOC354;Felicia;Calvet Valbuena;1994-01-25;M;78689671;felicia.calvet354@example.com;2023-08-09;Activo;2023-08-09 00:00:00
SOC355;Íñigo;Villar Codina;1978-04-25;F;79166563;íñigo.villar355@example.com;2024-01-14;Activo;2024-01-14 00:00:00
SOC356;Mamen;Camps Pardo;1980-03-09;M;77402069;mamen.camps356@example.com;2024-09-09;Activo;2024-09-09 00:00:00
SOC357;Jordana;Salmerón Méndez;1972-03-25;M;79598583;jordana.salmerón357@example.com;2024-09-13;Activo;2024-09-13 00:00:00
SOC358;Irene;Tovar Codina;1973-08-13;M;74028829;irene.tovar358@example.com;2024-10-06;Activo;2024-10-06 00:00:00
SOC359;Feliciano;Calleja Acevedo;2000-06-29;M;73229046;feliciano.calleja359@example.com;2024-10-11;Activo;2024-10-11 00:00:00
SOC360;Paca;Esparza Pérez;1981-11-01;M;73043987;paca.esparza360@example.com;2024-12-28;Activo;2024-12-28 00:00:00
SOC361;Maura;Cueto Ramis;1987-05-06;F;71023648;maura.cueto361@example.com;2023-06-17;Activo;2023-06-17 00:00:00
SOC362;Luis;Rubio Saura;1988-12-05;F;79020665;luis.rubio362@example.com;2023-05-03;Activo;2023-05-03 00:00:00
SOC363;Teófila;Palau Lluch;1980-06-08;F;78680586;teófila.palau363@example.com;2023-06-20;Activo;2023-06-20 00:00:00
SOC364;Martirio;Bilbao Egea;1999-08-18;M;73838453;martirio.bilbao364@example.com;2024-09-29;Activo;2024-09-29 00:00:00
SOC365;Jesusa;Huguet Bolaños;1987-12-17;F;72413812;jesusa.huguet365@example.com;2024-12-29;Activo;2024-12-29 00:00:00
SOC366;Renata;Barco Lopez;1991-10-23;M;73909324;renata.barco366@example.com;2023-02-01;Activo;2023-02-01 00:00:00
SOC367;Montserrat;Bustos Carro;1983-03-16;F;73398397;montserrat.bustos367@example.com;2023-12-10;Activo;2023-12-10 00:00:00
SOC368;Zoraida;Peñas Bas;2003-10-27;M;72609271;zoraida.peñas368@example.com;2023-07-23;Activo;2023-07-23 00:00:00
SOC369;Lourdes;Navarrete Barceló;1988-12-17;M;72656751;lourdes.navarrete369@example.com;2023-08-24;Activo;2023-08-24 00:00:00
SOC370;Juan Pablo;Higueras Marquez;2002-07-09;F;72403045;juanpablo.higueras370@example.com;2024-07-09;Activo;2024-07-09 00:00:00
SOC371;Dionisia;Ferrer Sacristán;1988-03-10;F;75877535;dionisia.ferrer371@example.com;2024-08-17;Activo;2024-08-17 00:00:00
SOC372;Sancho;Blazquez Alegre;1977-04-15;M;71571634;sancho.blazquez372@example.com;2024-08-16;Activo;2024-08-16 00:00:00
SOC373;Anselmo;Baquero Pozuelo;1994-12-07;M;77071813;anselmo.baquero373@example.com;2024-09-22;Activo;2024-09-22 00:00:00
SOC374;Adán;Jáuregui Pinto;1988-10-09;F;74865344;adán.jáuregui374@example.com;2023-08-02;Activo;2023-08-02 00:00:00
SOC375;Ramona;Pulido Espejo;1985-02-27;F;74237781;ramona.pulido375@example.com;2024-09-07;Activo;2024-09-07 00:00:00
SOC376;Tadeo;Bustos Macias;1999-03-22;M;77962010;tadeo.bustos376@example.com;2023-03-31;Activo;2023-03-31 00:00:00
SOC377;Graciano;Canales Álamo;2006-01-21;F;77086514;graciano.canales377@example.com;2024-03-22;Activo;2024-03-22 00:00:00
SOC378;Goyo;Pla Delgado;1994-10-16;M;79869049;goyo.pla378@example.com;2024-04-23;Activo;2024-04-23 00:00:00
SOC379;Armida;Quevedo Taboada;2001-11-24;M;72566574;armida.quevedo379@example.com;2023-04-13;Activo;2023-04-13 00:00:00
SOC380;Manu;Prieto Camacho;1984-06-21;M;78436873;manu.prieto380@example.com;2024-02-23;Activo;2024-02-23 00:00:00
SOC381;Emiliano;Vilaplana Fuster;1993-11-04;M;76554144;emiliano.vilaplana381@example.com;2024-08-31;Activo;2024-08-31 00:00:00
SOC382;Rosaura;Núñez Calderón;1971-10-21;M;77441097;rosaura.núñez382@example.com;2023-08-14;Activo;2023-08-14 00:00:00
SOC383;Felix;Marin Valenzuela;2001-07-13;M;74106858;felix.marin383@example.com;2023-12-29;Activo;2023-12-29 00:00:00
SOC384;Inocencio;Benítez Valero;1985-04-22;F;72266069;inocencio.benítez384@example.com;2024-01-26;Activo;2024-01-26 00:00:00
SOC385;María Manuela;Tamayo Clavero;1996-06-16;M;71409923;maríamanuela.tamayo385@example.com;2024-09-19;Activo;2024-09-19 00:00:00
SOC386;Sosimo;Lobato Galindo;1986-01-13;M;78056078;sosimo.lobato386@example.com;2024-06-17;Activo;2024-06-17 00:00:00
SOC387;Octavia;Bas Menendez;1983-04-14;F;78497833;octavia.bas387@example.com;2023-10-28;Activo;2023-10-28 00:00:00
SOC388;Natividad;Tolosa Cuenca;2005-04-18;M;78320033;natividad.tolosa388@example.com;2024-10-08;Activo;2024-10-08 00:00:00
SOC389;Febe;Royo Andreu;1986-01-25;F;78753542;febe.royo389@example.com;2023-07-08;Activo;2023-07-08 00:00:00
SOC390;Cristina;Torrijos Plaza;1996-07-08;M;72997839;cristina.torrijos390@example.com;2024-04-26;Activo;2024-04-26 00:00:00
SOC391;Esteban;Malo Gomila;1984-01-31;M;77609175;esteban.malo391@example.com;2024-01-21;Activo;2024-01-21 00:00:00
SOC392;Benito;Leal Hidalgo;1994-12-25;F;77791632;benito.leal392@example.com;2024-12-12;Activo;2024-12-12 00:00:00
SOC393;Luna;Marin Cañete;1977-05-03;M;72433916;luna.marin393@example.com;2023-04-19;Activo;2023-04-19 00:00:00
SOC394;Samanta;Beltrán Teruel;1982-05-30;F;75771840;samanta.beltrán394@example.com;2023-09-01;Activo;2023-09-01 00:00:00
SOC395;Celia;Santamaría Granados;1985-07-27;M;77515964;celia.santamaría395@example.com;2024-10-09;Activo;2024-10-09 00:00:00
SOC396;Chelo;Milla Acero;1992-08-29;M;73050719;chelo.milla396@example.com;2023-12-05;Activo;2023-12-05 00:00:00
SOC397;Félix;Calatayud Villalobos;1982-09-14;M;73338446;félix.calatayud397@example.com;2023-02-28;Activo;2023-02-28 00:00:00
SOC398;Casemiro;Sobrino Aznar;2006-11-16;F;71202243;casemiro.sobrino398@example.com;2023-07-12;Activo;2023-07-12 00:00:00
SOC399;Yéssica;Cámara Alemany;1972-09-12;M;74368179;yéssica.cámara399@example.com;2023-01-12;Activo;2023-01-12 00:00:00
SOC400;Vicente;Díaz Trillo;1993-12-11;M;79553543;vicente.díaz400@example.com;2024-04-29;Activo;2024-04-29 00:00:00
SOC401;Javiera;Gracia Barbero;1973-05-05;F;75760803;javiera.gracia401@example.com;2024-05-12;Activo;2024-05-12 00:00:00
SOC402;Goyo;Nicolás Criado;1999-09-06;F;79033508;goyo.nicolás402@example.com;2023-03-07;Activo;2023-03-07 00:00:00
SOC403;Guillermo;Muro Ortega;1999-04-21;F;74437106;guillermo.muro403@example.com;2024-05-27;Activo;2024-05-27 00:00:00
SOC404;Ruy;Alvarado Pujadas;2003-12-22;M;73722168;ruy.alvarado404@example.com;2024-06-19;Activo;2024-06-19 00:00:00
SOC405;Remigio;Perea Blasco;1992-08-06;F;75523070;remigio.perea405@example.com;2024-03-11;Activo;2024-03-11 00:00:00
SOC406;Mayte;Vidal Azcona;1997-03-15;M;76512142;mayte.vidal406@example.com;2024-02-12;Activo;2024-02-12 00:00:00
SOC407;Griselda;Fajardo Hernández;1981-04-01;M;76248983;griselda.fajardo407@example.com;2024-08-04;Activo;2024-08-04 00:00:00
SOC408;Marina;Verdú Nicolau;1989-06-22;F;75111618;marina.verdú408@example.com;2024-08-21;Activo;2024-08-21 00:00:00
SOC409;Quique;Moreno Pons;1974-05-15;M;76146444;quique.moreno409@example.com;2023-03-21;Activo;2023-03-21 00:00:00
SOC410;Pastor;Fábregas Francisco;2003-12-08;M;77066248;pastor.fábregas410@example.com;2024-03-05;Activo;2024-03-05 00:00:00
SOC411;Federico;Cruz Mayol;1990-11-27;F;75648646;federico.cruz411@example.com;2024-10-13;Activo;2024-10-13 00:00:00
SOC412;Blanca;Escrivá Agustín;1990-01-29;M;76860441;blanca.escrivá412@example.com;2024-07-13;Activo;2024-07-13 00:00:00
SOC413;Apolonia;Dalmau Manuel;1995-07-30;M;72140907;apolonia.dalmau413@example.com;2024-06-06;Activo;2024-06-06 00:00:00
SOC414;Abril;Tirado Quintanilla;2001-11-07;M;72902433;abril.tirado414@example.com;2024-06-24;Activo;2024-06-24 00:00:00
SOC415;Chema;Cózar Pina;1992-09-26;M;74831337;chema.cózar415@example.com;2023-07-10;Activo;2023-07-10 00:00:00
SOC416;Juanito;Dueñas Barreda;1980-02-27;M;79837887;juanito.dueñas416@example.com;2023-05-21;Activo;2023-05-21 00:00:00
SOC417;Mamen;Jaume Acosta;1989-06-13;F;71680621;mamen.jaume417@example.com;2024-03-01;Activo;2024-03-01 00:00:00
SOC418;Samanta;Carballo Noriega;1977-05-19;F;79888516;samanta.carballo418@example.com;2024-05-30;Activo;2024-05-30 00:00:00
SOC419;Florencia;Viana Somoza;1977-05-06;M;74723696;florencia.viana419@example.com;2023-09-30;Activo;2023-09-30 00:00:00
SOC420;Francisco Jose;Alberto Jáuregui;1979-02-24;M;71086930;franciscojose.alberto420@example.com;2024-09-15;Activo;2024-09-15 00:00:00
SOC421;Cruz;Barreda Alfonso;2002-05-23;F;79010181;cruz.barreda421@example.com;2024-08-20;Activo;2024-08-20 00:00:00
SOC422;Valerio;Mendizábal Sola;1983-05-28;F;78814299;valerio.mendizábal422@example.com;2024-07-16;Activo;2024-07-16 00:00:00
SOC423;Silvio;Segovia Carnero;1995-10-07;F;79204015;silvio.segovia423@example.com;2023-05-21;Activo;2023-05-21 00:00:00
SOC424;Mariano;Cadenas Iborra;1989-12-25;F;72167760;mariano.cadenas424@example.com;2023-04-10;Activo;2023-04-10 00:00:00
SOC425;Goyo;Gual Mínguez;1976-09-01;F;75656729;goyo.gual425@example.com;2024-12-17;Activo;2024-12-17 00:00:00
SOC426;Benjamín;Trujillo Company;1994-04-27;M;76657972;benjamín.trujillo426@example.com;2023-03-02;Activo;2023-03-02 00:00:00
SOC427;Débora;León Garmendia;1996-04-08;F;79188216;débora.león427@example.com;2024-02-22;Activo;2024-02-22 00:00:00
SOC428;Encarnacion;Benavente Núñez;1973-07-16;M;76681547;encarnacion.benavente428@example.com;2023-12-22;Activo;2023-12-22 00:00:00
SOC429;Salomé;Paniagua Hurtado;1972-02-11;F;74496208;salomé.paniagua429@example.com;2024-11-16;Activo;2024-11-16 00:00:00
SOC430;Alejandra;Corominas Vallejo;1986-03-16;F;76878849;alejandra.corominas430@example.com;2023-03-08;Activo;2023-03-08 00:00:00
SOC431;Curro;Gómez Menéndez;1975-07-22;M;73305540;curro.gómez431@example.com;2023-11-14;Activo;2023-11-14 00:00:00
SOC432;Olga;Ponce Giménez;1992-04-11;F;72385287;olga.ponce432@example.com;2024-12-26;Activo;2024-12-26 00:00:00
SOC433;Verónica;Zapata Dalmau;1986-12-24;M;77117117;verónica.zapata433@example.com;2023-03-18;Activo;2023-03-18 00:00:00
SOC434;Vasco;Lluch Lara;1974-08-11;M;72827864;vasco.lluch434@example.com;2024-05-19;Activo;2024-05-19 00:00:00
SOC435;Régulo;Seguí Iglesias;1970-08-07;M;71837738;régulo.seguí435@example.com;2023-11-04;Activo;2023-11-04 00:00:00
SOC436;Pepito;Piña Ojeda;1993-04-14;F;77352601;pepito.piña436@example.com;2023-11-11;Activo;2023-11-11 00:00:00
SOC437;Calixta;Pavón Francisco;1983-06-10;F;78542078;calixta.pavón437@example.com;2023-08-20;Activo;2023-08-20 00:00:00
SOC438;Ceferino;Francisco Benet;2006-03-26;M;71987674;ceferino.francisco438@example.com;2023-09-26;Activo;2023-09-26 00:00:00
SOC439;Primitiva;Madrigal Armengol;1981-12-24;F;74837547;primitiva.madrigal439@example.com;2023-08-15;Activo;2023-08-15 00:00:00
SOC440;Desiderio;Rodrigo Iñiguez;1986-12-07;F;77862320;desiderio.rodrigo440@example.com;2023-10-31;Activo;2023-10-31 00:00:00
SOC441;Ricarda;Almansa Cabello;1972-12-08;F;78262198;ricarda.almansa441@example.com;2024-10-10;Activo;2024-10-10 00:00:00
SOC442;Carla;Berenguer Chaparro;1993-06-07;M;76813070;carla.berenguer442@example.com;2024-08-18;Activo;2024-08-18 00:00:00
SOC443;Teodoro;Pascual Moya;1995-10-10;M;72205853;teodoro.pascual443@example.com;2023-12-04;Activo;2023-12-04 00:00:00
SOC444;Eloy;Gallo Ayala;1973-03-11;M;76144828;eloy.gallo444@example.com;2023-10-29;Activo;2023-10-29 00:00:00
SOC445;Chus;Cáceres Casanova;1992-08-28;F;71344161;chus.cáceres445@example.com;2024-10-24;Activo;2024-10-24 00:00:00
SOC446;Lidia;Perez Cuéllar;2003-02-07;F;71687694;lidia.perez446@example.com;2024-02-23;Activo;2024-02-23 00:00:00
SOC447;Tania;Pozuelo Rodriguez;2000-02-25;M;71700925;tania.pozuelo447@example.com;2024-05-01;Activo;2024-05-01 00:00:00
SOC448;Paloma;Perea Abellán;1979-07-16;M;73232369;paloma.perea448@example.com;2024-03-09;Activo;2024-03-09 00:00:00
SOC449;Trinidad;Fajardo Posada;1979-01-22;M;77284377;trinidad.fajardo449@example.com;2023-11-04;Activo;2023-11-04 00:00:00
SOC450;Rico;Alberto Casanova;1982-09-14;M;72748455;rico.alberto450@example.com;2023-12-10;Activo;2023-12-10 00:00:00
SOC451;Calista;Sevilla Vazquez;1984-08-18;M;74814291;calista.sevilla451@example.com;2023-02-23;Activo;2023-02-23 00:00:00
SOC452;Josefa;Valle Girona;2004-09-02;F;79604448;josefa.valle452@example.com;2024-05-28;Activo;2024-05-28 00:00:00
SOC453;Fabiana;Llobet Codina;2003-05-09;M;73788845;fabiana.llobet453@example.com;2023-10-23;Activo;2023-10-23 00:00:00
SOC454;Virginia;Egea Quevedo;1987-11-19;F;71994729;virginia.egea454@example.com;2023-11-26;Activo;2023-11-26 00:00:00
SOC455;Fabiola;Durán Mínguez;1973-07-07;M;77061717;fabiola.durán455@example.com;2024-01-20;Activo;2024-01-20 00:00:00
SOC456;Ángel;Cabello Almeida;1998-05-30;F;75483403;ángel.cabello456@example.com;2024-07-16;Activo;2024-07-16 00:00:00
SOC457;Isaías;Gámez Ramirez;1994-05-19;M;77754830;isaías.gámez457@example.com;2023-07-05;Activo;2023-07-05 00:00:00
SOC458;Ramona;Jaén Tejera;1981-12-03;F;72989007;ramona.jaén458@example.com;2023-11-15;Activo;2023-11-15 00:00:00
SOC459;Bernardita;Collado Serra;1990-07-10;M;75138063;bernardita.collado459@example.com;2023-11-01;Activo;2023-11-01 00:00:00
SOC460;Fabricio;Quintana Tenorio;1991-06-11;F;77738758;fabricio.quintana460@example.com;2024-06-16;Activo;2024-06-16 00:00:00
SOC461;Anastasia;Baeza Camps;1979-04-25;M;72326017;anastasia.baeza461@example.com;2023-11-28;Activo;2023-11-28 00:00:00
SOC462;Flavia;Calatayud Lledó;1974-11-03;M;74467278;flavia.calatayud462@example.com;2023-02-22;Activo;2023-02-22 00:00:00
SOC463;Fernanda;Figueroa Gomis;1974-03-14;M;74051113;fernanda.figueroa463@example.com;2024-11-03;Activo;2024-11-03 00:00:00
SOC464;Samuel;Barrera Lopez;1980-08-19;M;77407469;samuel.barrera464@example.com;2023-08-30;Activo;2023-08-30 00:00:00
SOC465;Ignacio;García Arco;2005-10-02;F;72173789;ignacio.garcía465@example.com;2023-12-17;Activo;2023-12-17 00:00:00
SOC466;Lucía;Rozas Gordillo;2000-03-29;M;79301691;lucía.rozas466@example.com;2024-03-07;Activo;2024-03-07 00:00:00
SOC467;Eli;Castells Oliveras;2005-03-28;M;79014686;eli.castells467@example.com;2023-06-10;Activo;2023-06-10 00:00:00
SOC468;Lucas;Mulet Cardona;1976-03-18;M;71646306;lucas.mulet468@example.com;2024-11-04;Activo;2024-11-04 00:00:00
SOC469;Jordana;Acevedo Gracia;1988-12-16;M;74495748;jordana.acevedo469@example.com;2024-11-05;Activo;2024-11-05 00:00:00
SOC470;Amador;Román Blazquez;2006-06-11;M;72333562;amador.román470@example.com;2023-11-26;Activo;2023-11-26 00:00:00
SOC471;Inmaculada;Morales Tomé;1972-10-23;F;78163387;inmaculada.morales471@example.com;2023-01-27;Activo;2023-01-27 00:00:00
SOC472;Morena;Garriga Guerra;2000-12-25;F;76620168;morena.garriga472@example.com;2023-05-23;Activo;2023-05-23 00:00:00
SOC473;Raimundo;Fuente Bravo;1985-06-19;M;76362373;raimundo.fuente473@example.com;2024-03-03;Activo;2024-03-03 00:00:00
SOC474;Odalis;Cantón Pérez;1991-10-09;F;71784039;odalis.cantón474@example.com;2023-02-03;Activo;2023-02-03 00:00:00
SOC475;Montserrat;Cañizares Huertas;2004-01-20;M;71946810;montserrat.cañizares475@example.com;2023-07-14;Activo;2023-07-14 00:00:00
SOC476;Juan Luis;Montero Pozuelo;1982-05-27;M;74678127;juanluis.montero476@example.com;2023-10-03;Activo;2023-10-03 00:00:00
SOC477;Herminio;Seguí Zamorano;2001-05-05;F;79480720;herminio.seguí477@example.com;2023-03-02;Activo;2023-03-02 00:00:00
SOC478;Marianela;Tello Pagès;1987-01-20;F;71246781;marianela.tello478@example.com;2024-08-05;Activo;2024-08-05 00:00:00
SOC479;Nuria;Morata Carballo;1999-08-28;F;73777369;nuria.morata479@example.com;2023-04-21;Activo;2023-04-21 00:00:00
SOC480;Amelia;Gordillo Pujadas;2006-10-20;F;77251177;amelia.gordillo480@example.com;2023-01-02;Activo;2023-01-02 00:00:00
SOC481;Sandra;Casanova Lamas;1991-09-14;F;75992479;sandra.casanova481@example.com;2023-09-30;Activo;2023-09-30 00:00:00
SOC482;Ariel;Quintana Almagro;2005-12-06;M;74999044;ariel.quintana482@example.com;2023-07-01;Activo;2023-07-01 00:00:00
SOC483;Yéssica;Valcárcel Mármol;1977-01-07;F;71720056;yéssica.valcárcel483@example.com;2023-09-04;Activo;2023-09-04 00:00:00
SOC484;Melisa;Camps Mulet;1994-09-09;M;77756124;melisa.camps484@example.com;2023-01-24;Activo;2023-01-24 00:00:00
SOC485;Fausto;Muro Alegria;2000-01-01;M;76167709;fausto.muro485@example.com;2023-05-18;Activo;2023-05-18 00:00:00
SOC486;Dominga;Gual Gomila;2004-04-23;M;74044849;dominga.gual486@example.com;2023-04-29;Activo;2023-04-29 00:00:00
SOC487;Julio César;Diego Torrecilla;1986-09-22;F;75426738;juliocésar.diego487@example.com;2023-02-21;Activo;2023-02-21 00:00:00
SOC488;Carlito;Casanovas Domínguez;1994-09-17;F;72962919;carlito.casanovas488@example.com;2023-05-21;Activo;2023-05-21 00:00:00
SOC489;Fito;Carreño Elorza;1973-10-28;F;79488897;fito.carreño489@example.com;2024-12-29;Activo;2024-12-29 00:00:00
SOC490;Marita;Torrens Blázquez;2003-11-11;F;79737572;marita.torrens490@example.com;2023-10-30;Activo;2023-10-30 00:00:00
SOC491;Donato;Chaparro Clavero;1992-07-13;M;72389102;donato.chaparro491@example.com;2024-06-02;Activo;2024-06-02 00:00:00
SOC492;Moisés;Vilar Castejón;2000-07-30;M;76541976;moisés.vilar492@example.com;2023-01-23;Activo;2023-01-23 00:00:00
SOC493;Haroldo;Ballesteros Echevarría;1993-03-29;M;71541631;haroldo.ballesteros493@example.com;2023-09-29;Activo;2023-09-29 00:00:00
SOC494;Ramón;Aguiló Posada;1987-10-27;M;74257633;ramón.aguiló494@example.com;2024-07-25;Activo;2024-07-25 00:00:00
SOC495;Sancho;Navas Escrivá;1979-09-10;F;72092994;sancho.navas495@example.com;2023-12-24;Activo;2023-12-24 00:00:00
SOC496;Zaira;Lloret Guzman;1993-01-15;F;77589695;zaira.lloret496@example.com;2023-10-24;Activo;2023-10-24 00:00:00
SOC497;Guiomar;Priego Giménez;1998-11-14;F;79034002;guiomar.priego497@example.com;2023-05-24;Activo;2023-05-24 00:00:00
SOC498;Juanita;Casanovas Cueto;2001-02-04;F;75898957;juanita.casanovas498@example.com;2024-10-27;Activo;2024-10-27 00:00:00
SOC499;Catalina;Madrigal Segarra;1999-04-07;M;78196256;catalina.madrigal499@example.com;2023-11-28;Activo;2023-11-28 00:00:00
SOC500;Natalia;Barriga Jordán;1970-02-24;M;73377394;natalia.barriga500@example.com;2024-04-17;Activo;2024-04-17 00:00:00
